;o;fase;tempo
0;0;0;0.8454108238220215
1;0;1;0.9160618782043457
